{
  "version": 2,
  "videoFileName": "video.mp4",
  "fieldWidth": 105,
  "fieldHeight": 68,
  "centerCircleRadius": 9.15,
  "goalWidth": 7.32,
  "penaltyDepth": 16.5,
  "penaltyWidth": 40.32,
  "goalboxDepth": 5.5,
  "goalboxWidth": 18.32,
  "calibrationPoints": {
    "BL": {
      "world3D": {
        "x": 33.69043788381545,
        "y": -2.535843939640119,
        "z": 36.941467178397744
      },
      "pixel2D": {
        "x": 8,
        "y": 419
      },
      "uv": {
        "u": 0.00460019321826354,
        "v": 0.4199909642441496
      }
    },
    "PLEB": {
      "world3D": {
        "x": 28.7605675711235,
        "y": -1.3498653571363748,
        "z": 40.896882420576
      },
      "pixel2D": {
        "x": 152,
        "y": 392
      },
      "uv": {
        "u": 0.08935609748273232,
        "v": 0.4574100661572907
      }
    },
    "GLB": {
      "world3D": {
        "x": 23.593720277512272,
        "y": -0.14027813775602474,
        "z": 44.08225356654272
      },
      "pixel2D": {
        "x": 290,
        "y": 364
      },
      "uv": {
        "u": 0.17074494267970097,
        "v": 0.4955740499783757
      }
    },
    "GLT": {
      "world3D": {
        "x": 21.553365610121837,
        "y": 0.28195037613520213,
        "z": 45.114500239157444
      },
      "pixel2D": {
        "x": 342,
        "y": 355
      },
      "uv": {
        "u": 0.20138883659999735,
        "v": 0.5088958856548477
      }
    },
    "PLB": {
      "world3D": {
        "x": 25.62060936777089,
        "y": -1.1685518848488714,
        "z": 42.935956610552296
      },
      "pixel2D": {
        "x": 237,
        "y": 388
      },
      "uv": {
        "u": 0.1395386407847881,
        "v": 0.4631307321101518
      }
    },
    "B14": {
      "world3D": {
        "x": 29.570282873614765,
        "y": -3.8783688322790386,
        "z": 40.316735475724705
      },
      "pixel2D": {
        "x": 129,
        "y": 449
      },
      "uv": {
        "u": 0.07600761149458285,
        "v": 0.377632631201971
      }
    },
    "PLT": {
      "world3D": {
        "x": 13.625009054843181,
        "y": 1.5029868075000539,
        "z": 48.10583747897043
      },
      "pixel2D": {
        "x": 536,
        "y": 327
      },
      "uv": {
        "u": 0.31507931236790104,
        "v": 0.5474211063788529
      }
    },
    "T14": {
      "world3D": {
        "x": 7.905693366479454,
        "y": 2.2798225448291656,
        "z": 49.36891386021441
      },
      "pixel2D": {
        "x": 669,
        "y": 309
      },
      "uv": {
        "u": 0.393612887721267,
        "v": 0.5719312417672348
      }
    },
    "PLET": {
      "world3D": {
        "x": 16.942531820255613,
        "y": 1.1500728702263485,
        "z": 47.03991229448557
      },
      "pixel2D": {
        "x": 456,
        "y": 335
      },
      "uv": {
        "u": 0.2683749754268895,
        "v": 0.5362862319551227
      }
    },
    "TL": {
      "world3D": {
        "x": 15.289171858327519,
        "y": 1.4810993193433202,
        "z": 47.60191462184196
      },
      "pixel2D": {
        "x": 496,
        "y": 327
      },
      "uv": {
        "u": 0.29177704584277675,
        "v": 0.5467305288574356
      }
    },
    "CLA": {
      "world3D": {
        "x": -0.10114009995936134,
        "y": 2.930273896317038,
        "z": 49.99882064300308
      },
      "pixel2D": {
        "x": 852,
        "y": 294
      },
      "uv": {
        "u": 0.5013554001850062,
        "v": 0.5924537923174157
      }
    },
    "CT": {
      "world3D": {
        "x": -0.10555483363041758,
        "y": 2.4705486651539834,
        "z": 49.99876916443972
      },
      "pixel2D": {
        "x": 852,
        "y": 305
      },
      "uv": {
        "u": 0.5014145629783682,
        "v": 0.5779488884930852
      }
    },
    "CB": {
      "world3D": {
        "x": -0.1839759253977007,
        "y": 1.680073039548811,
        "z": 49.99785472532685
      },
      "pixel2D": {
        "x": 854,
        "y": 323
      },
      "uv": {
        "u": 0.502465500858917,
        "v": 0.5530083976353757
      }
    },
    "CL": {
      "world3D": {
        "x": 5.633629648555556,
        "y": 1.71322863203149,
        "z": 49.679785938879704
      },
      "pixel2D": {
        "x": 721,
        "y": 322
      },
      "uv": {
        "u": 0.424346093902098,
        "v": 0.55405449788744
      }
    },
    "CR": {
      "world3D": {
        "x": -5.901859060599334,
        "y": 2.387160800914312,
        "z": 49.64952740371012
      },
      "pixel2D": {
        "x": 985,
        "y": 307
      },
      "uv": {
        "u": 0.5792712735792972,
        "v": 0.5753178974816657
      }
    },
    "CLB": {
      "world3D": {
        "x": -0.859044656836282,
        "y": -6.96690616400021,
        "z": 49.98998300053976
      },
      "pixel2D": {
        "x": 870,
        "y": 520
      },
      "uv": {
        "u": 0.5115122418039174,
        "v": 0.28018543031388027
      }
    },
    "B34": {
      "world3D": {
        "x": -29.64795728323017,
        "y": -0.8148373685568058,
        "z": 40.258743479673875
      },
      "pixel2D": {
        "x": 1573,
        "y": 380
      },
      "uv": {
        "u": 0.9252913462986877,
        "v": 0.4742908657993691
      }
    },
    "BR": {
      "world3D": {
        "x": -33.40488956650236,
        "y": 0.6969000828765135,
        "z": 37.19938982804002
      },
      "pixel2D": {
        "x": 1683,
        "y": 345
      },
      "uv": {
        "u": 0.9902435190269129,
        "v": 0.521988065896924
      }
    },
    "PREB": {
      "world3D": {
        "x": -28.74906631477253,
        "y": 1.5770450560541496,
        "z": 40.90505865932089
      },
      "pixel2D": {
        "x": 1548,
        "y": 325
      },
      "uv": {
        "u": 0.9104548063658372,
        "v": 0.549757736391432
      }
    },
    "PRB": {
      "world3D": {
        "x": -25.735905808341055,
        "y": 1.4770047461780438,
        "z": 42.86557822681206
      },
      "pixel2D": {
        "x": 1466,
        "y": 327
      },
      "uv": {
        "u": 0.8622714628207274,
        "v": 0.5466013399725578
      }
    },
    "GRB": {
      "world3D": {
        "x": -23.650256435420086,
        "y": 2.4586459109235066,
        "z": 44.05126489024448
      },
      "pixel2D": {
        "x": 1411,
        "y": 305
      },
      "uv": {
        "u": 0.830119000160351,
        "v": 0.577573341767227
      }
    },
    "GRT": {
      "world3D": {
        "x": -21.66013016593148,
        "y": 2.6655114083888507,
        "z": 45.062299041441804
      },
      "pixel2D": {
        "x": 1360,
        "y": 300
      },
      "uv": {
        "u": 0.8002036922305223,
        "v": 0.5841002059502434
      }
    },
    "PRT": {
      "world3D": {
        "x": -14.113505401912532,
        "y": 3.021944974021058,
        "z": 47.96394588478423
      },
      "pixel2D": {
        "x": 1176,
        "y": 292
      },
      "uv": {
        "u": 0.6917376765085571,
        "v": 0.5953461290338617
      }
    },
    "PRET": {
      "world3D": {
        "x": -17.536931560821653,
        "y": 3.040906446574343,
        "z": 46.82029405043022
      },
      "pixel2D": {
        "x": 1258,
        "y": 292
      },
      "uv": {
        "u": 0.740116964027769,
        "v": 0.5959443871174073
      }
    },
    "T34": {
      "world3D": {
        "x": -7.3301095270692205,
        "y": 3.2236401985818244,
        "z": 49.456840229793066
      },
      "pixel2D": {
        "x": 1018,
        "y": 288
      },
      "uv": {
        "u": 0.598584642288825,
        "v": 0.6017098646649892
      }
    },
    "TR": {
      "world3D": {
        "x": -15.061306090276183,
        "y": 3.255377933085555,
        "z": 47.676122055795965
      },
      "pixel2D": {
        "x": 1199,
        "y": 287
      },
      "uv": {
        "u": 0.7050116447207078,
        "v": 0.6027112297312792
      }
    },